Sites,transmissibility_1,drug_resistance_1
22,1.7870297953023564,0.0
148,-1.4099760318302432,0.0
208,0.38939731950217604,0.0
256,0.8336857667173677,0.0